{
    "luz": "eb70f296115155da01ua5f",
    "comedor": "eb70f296115155da01ua5f",
    "luz comedor": "eb70f296115155da01ua5f",
    "la del comedor": "eb70f296115155da01ua5f",
    "cocina": "eb2dde0c40a2f9701bzr2y",
    "luz cocina": "eb2dde0c40a2f9701bzr2y",
    "la de cocina": "eb2dde0c40a2f9701bzr2y",
    "patio trasero": "eb6d2106d6d5fe236ewwum",
    "patio": "eb6d2106d6d5fe236ewwum",
    "el de atras": "eb6d2106d6d5fe236ewwum",
    "patio delantero": "eb5313ecc4ad16336fyizu",
    "entrada": "eb5313ecc4ad16336fyizu",
    "faroles": "eb6c983325f2915933xi0t",
    "jardin": "eb6c983325f2915933xi0t",
    "baño": "ebef2db966010c3fcaapja",
    "bano": "ebef2db966010c3fcaapja",
    "la del baño": "ebef2db966010c3fcaapja",
    "living": "eb921e5d89748d76admddo",
    "interruptor living": "eb921e5d89748d76admddo",
    "ventilador": "eb372bea38fbf5d334yc4b",
    "aire": "eb372bea38fbf5d334yc4b",
    "mueble": "eb4e84eeced229ff0cvlbw",
    "la del mueble": "eb4e84eeced229ff0cvlbw"
}